{"acc":0.8729049201111799,"loss":0.08453058440303529,"_timestamp":1.7319438408576286e+09,"_runtime":2.5665466,"_wandb":{"runtime":2},"_step":7}
